﻿MarketId,ProductId,Ceiling_Price,Sales_Price,Target_Price
NorthAmerica,Toyota Corolla,37500,29900,31200
NorthAmerica,Honda Civic,36000,28600,29900
NorthAmerica,Hyundai Elantra,34500,27950,28600
NorthAmerica,Kia Forte,33000,27300,27950
NorthAmerica,Nissan Sentra,30000,24700,25350
NorthAmerica,Ford Focus,31500,26000,26650
NorthAmerica,Chevrolet Cruze,30750,25350,26000
NorthAmerica,Volkswagen Jetta,36000,28600,29900
NorthAmerica,Subaru Impreza,34500,27300,28600
NorthAmerica,Mazda 3,33000,26000,27300
NorthAmerica,Honda CR-V,52500,42900,44200
NorthAmerica,Toyota RAV4,54000,44200,45500
NorthAmerica,Hyundai Tucson,51000,41600,42900
NorthAmerica,Ford Escape,49500,40300,41600
NorthAmerica,Nissan Rogue,46500,37700,39000
NorthAmerica,Mazda CX-5,48000,39000,40300
NorthAmerica,Chevrolet Equinox,45000,36400,37700
NorthAmerica,Subaru Forester,51000,41600,42900
NorthAmerica,Kia Sportage,48000,39000,40300
NorthAmerica,Volkswagen Tiguan,52500,42900,44200
NorthAmerica,BMW 3 Series,63000,52000,53300
NorthAmerica,Mercedes-Benz C-Class,66000,54600,55900
NorthAmerica,Audi A4,61500,50700,52000
NorthAmerica,Lexus ES,64500,53300,54600
NorthAmerica,Volvo S60,67500,55900,57200
NorthAmerica,Genesis G70,70500,58500,59800
NorthAmerica,Cadillac CT5,69000,57200,58500
NorthAmerica,Jaguar XE,67500,55900,57200
NorthAmerica,Acura TLX,66000,54600,55900
NorthAmerica,Alfa Romeo Giulia,72000,59800,61100
NorthAmerica,Porsche 911,150000,123500,127400
NorthAmerica,Chevrolet Corvette,120000,97500,101400
NorthAmerica,Ford Mustang,105000,84500,88400
NorthAmerica,Dodge Challenger,90000,71500,75400
NorthAmerica,Toyota Supra,82500,65000,68900
NorthAmerica,Nissan 370Z,75000,61100,63700
NorthAmerica,BMW Z4,78000,63700,66300
NorthAmerica,Audi TT,67500,55900,57200
NorthAmerica,Mazda MX-5 Miata,135000,110500,114400
SouthAmerica,Hyundai Kona Electric,53300,42900,50000
SouthAmerica,Volkswagen ID.4,97500,79200,92500
SouthAmerica,Audi e-tron,104000,84700,98750
SouthAmerica,Jaguar I-PACE,156000,126500,147500
SouthAmerica,Porsche Taycan,110500,96800,111250
SouthAmerica,Ford F-150,52000,41800,48750
SouthAmerica,Chevrolet Silverado,50700,40700,47500
SouthAmerica,Ram 1500,49400,39600,46250
SouthAmerica,Toyota Tacoma,45500,36300,42500
SouthAmerica,Nissan Frontier,44200,35200,41250
SouthAmerica,Honda Ridgeline,46800,37400,43750
SouthAmerica,GMC Sierra 1500,48100,38500,45000
SouthAmerica,Jeep Gladiator,52000,40700,47500
SouthAmerica,Chevrolet Colorado,44200,35200,41250
SouthAmerica,Ford Ranger,45500,36300,42500
SouthAmerica,Toyota Prius,36400,28600,33750
SouthAmerica,Honda Insight,33800,26400,31250
SouthAmerica,Hyundai Ioniq,32500,25300,30000
SouthAmerica,Ford Escape Hybrid,39000,30800,36250
SouthAmerica,Lexus RX Hybrid,58500,46200,54375
SouthAmerica,Kia Niro,36400,28600,33750
SouthAmerica,Toyota RAV4 Hybrid,45500,36300,42500
SouthAmerica,Subaru Crosstrek Hybrid,52000,41800,48750
SouthAmerica,Honda CR-V Hybrid,48100,38500,45000
SouthAmerica,Ford Maverick Hybrid,37700,29700,35000
SouthAmerica,Range Rover Sport,104000,85800,98750
SouthAmerica,BMW X5,97500,80300,92500
SouthAmerica,Audi Q7,91000,74800,86250
SouthAmerica,Mercedes-Benz GLE,93600,77000,88750
SouthAmerica,Lexus GX,88400,71500,82500
SouthAmerica,Volvo XC90,91000,74800,86250
SouthAmerica,Porsche Cayenne,110500,90200,104375
SouthAmerica,Tesla Model X,117000,95700,110625
SouthAmerica,Cadillac Escalade,123500,101200,116875
SouthAmerica,Lincoln Navigator,119600,97900,113125
SouthAsia,Subaru Forester,54400,48000,49500
SouthAsia,Kia Sportage,51200,45000,46500
SouthAsia,Volkswagen Tiguan,56000,49500,51000
SouthAsia,BMW 3 Series,67200,60000,61500
SouthAsia,Mercedes-Benz C-Class,70400,63000,64500
SouthAsia,Audi A4,65600,58500,60000
SouthAsia,Lexus ES,68800,61500,63000
SouthAsia,Volvo S60,72000,64500,66000
SouthAsia,Genesis G70,75200,67500,69000
SouthAsia,Cadillac CT5,73600,66000,67500
SouthAsia,Jaguar XE,72000,64500,66000
SouthAsia,Acura TLX,70400,63000,64500
SouthAsia,Alfa Romeo Giulia,76800,69000,70500
SouthAsia,Porsche 911,160000,142500,147000
SouthAsia,Chevrolet Corvette,128000,112500,117000
SouthAsia,Ford Mustang,112000,97500,102000
SouthAsia,Dodge Challenger,96000,82500,87000
SouthAsia,Toyota Supra,88000,75000,79500
SouthAsia,Nissan 370Z,80000,70500,73500
SouthAsia,BMW Z4,83200,73500,76500
SouthAsia,Audi TT,72000,64500,66000
SouthAsia,Mazda MX-5 Miata,144000,127500,132000
SouthAsia,Mercedes-Benz SL,176000,157500,162000
SouthAsia,Tesla Model S,144000,127500,132000
SouthAsia,Tesla Model 3,56000,49500,51000
SouthAsia,Nissan Leaf,51200,45000,46500
SouthAsia,Chevrolet Bolt,64000,57000,58500
SouthAsia,Ford Mustang Mach-E,72000,63000,65250
SouthAsia,Hyundai Kona Electric,65600,58500,60000
SouthAsia,Volkswagen ID.4,120000,108000,111000
SouthAsia,Audi e-tron,128000,115500,118500
SouthAsia,Jaguar I-PACE,192000,172500,177000
SouthAsia,Porsche Taycan,136000,132000,133500
SouthAsia,Ford F-150,64000,57000,58500
SouthAsia,Chevrolet Silverado,62400,55500,57000
SouthAsia,Ram 1500,60800,54000,55500
SouthAsia,Toyota Tacoma,56000,49500,51000
SouthAsia,Nissan Frontier,54400,48000,49500
SouthAsia,Honda Ridgeline,57600,51000,52500
SouthAsia,GMC Sierra 1500,59200,52500,54000
SouthAsia,Jeep Gladiator,64000,55500,57000