﻿MarketId,ChannelId,n<100,n<1000,n<10000
NorthAmerica,Cold_Emails,50000,40000,30000
NorthAmerica,TV_Commericals,30000,20000,10000
NorthAmerica,SocialMedia,40000,30000,20000
NorthAmerica,Websites,50000,40000,30000
SouthAsia,Cold_Emails,30000,20000,10000
SouthAsia,TV_Commericals,40000,30000,20000
SouthAsia,SocialMedia,50000,40000,30000
SouthAsia,Websites,30000,20000,10000
SouthAmerica,Cold_Emails,40000,30000,20000
SouthAmerica,TV_Commericals,50000,40000,30000
SouthAmerica,SocialMedia,30000,20000,10000
SouthAmerica,Websites,40000,30000,20000