﻿CustomerID,CustomerName
1,Brad Pitt
2,Angelina Jolie
3,Leonardo DiCaprio
4,Jennifer Lawrence
5,Meryl Streep
6,Tom Hanks
7,Scarlett Johansson
8,Robert Downey Jr.
9,Chris Evans
10,Emma Stone
11,Ryan Reynolds
12,Blake Lively
13,Dwayne Johnson
14,Gal Gadot
15,Will Smith
16,Margot Robbie
17,Chris Hemsworth
18,Natalie Portman
19,Zendaya
20,Tom Holland
21,Hugh Jackman
22,Anne Hathaway
23,Viola Davis
24,Denzel Washington
25,Reese Witherspoon
26,Nicole Kidman
27,Sandra Bullock
28,George Clooney
29,Julia Roberts
30,Jennifer Aniston
31,Matt Damon
32,Ben Affleck
33,Samuel L. Jackson
34,Oprah Winfrey
35,Beyoncé
36,Taylor Swift
37,Lady Gaga
38,Ariana Grande
39,Justin Timberlake
40,Bruno Mars
41,Ed Sheeran
42,Adele
43,Rihanna
44,Katy Perry
45,Selena Gomez
46,Dwayne Johnson
47,Kevin Hart
48,Chris Rock
49,Amy Schumer
50,Dave Chappelle
51,Ellen DeGeneres
52,Jimmy Fallon
53,Stephen Colbert
54,John Oliver
55,Trevor Noah
56,Cristiano Ronaldo
57,Lionel Messi
58,Serena Williams
59,LeBron James
60,Roger Federer
61,Rafael Nadal
62,Usain Bolt
63,Simone Biles
64,Michael Phelps
65,Stephen Curry
66,Tom Brady
67,Elon Musk
68,Jeff Bezos
69,Bill Gates
70,Mark Zuckerberg
71,Warren Buffett
72,Steve Jobs
73,Barack Obama
74,Michelle Obama
75,Donald Trump
76,Joe Biden
77,Kamala Harris
78,Pope Francis
79,Queen Elizabeth II
80,Dalai Lama
81,Angela Merkel
82,Vladimir Putin
83,Kim Jong-un
84,Justin Trudeau
85,Narendra Modi
86,J.K. Rowling
87,Stephen King
88,James Cameron
89,Steven Spielberg
90,Quentin Tarantino
91,Martin Scorsese
92,Christopher Nolan
93,David Beckham
94,Victoria Beckham
95,Kim Kardashian
96,Kanye West
97,Jay-Z
98,Brad Pitt
99,Jennifer Lopez
100,Shakira